what,kind,bundleId,bundleVersion,description,time
activated,workbench,org.eclipse.ui.workbench,3.7.1.v20120104-1859,"",1466095198208
deactivated,workbench,org.eclipse.ui.workbench,3.7.1.v20120104-1859,"",1466095200804
deactivated,workbench,org.eclipse.ui.workbench,3.7.1.v20120104-1859,"",1466095307270
activated,workbench,org.eclipse.ui.workbench,3.7.1.v20120104-1859,"",1466095316459
deactivated,workbench,org.eclipse.ui.workbench,3.7.1.v20120104-1859,"",1466095344808
activated,workbench,org.eclipse.ui.workbench,3.7.1.v20120104-1859,"",1466095344985
executed,command,org.eclipse.ui,3.7.0.v20110928-1505,"org.eclipse.ui.file.saveAll",1466095347216
deactivated,workbench,org.eclipse.ui.workbench,3.7.1.v20120104-1859,"",1466095348370
activated,workbench,org.eclipse.ui.workbench,3.7.1.v20120104-1859,"",1466095350394
deactivated,workbench,org.eclipse.ui.workbench,3.7.1.v20120104-1859,"",1466095365605
activated,workbench,org.eclipse.ui.workbench,3.7.1.v20120104-1859,"",1466095365632
deactivated,workbench,org.eclipse.ui.workbench,3.7.1.v20120104-1859,"",1466095366508
activated,workbench,org.eclipse.ui.workbench,3.7.1.v20120104-1859,"",1466095367206
deactivated,workbench,org.eclipse.ui.workbench,3.7.1.v20120104-1859,"",1466095371467
activated,workbench,org.eclipse.ui.workbench,3.7.1.v20120104-1859,"",1466095410894
deactivated,workbench,org.eclipse.ui.workbench,3.7.1.v20120104-1859,"",1466095423741
activated,workbench,org.eclipse.ui.workbench,3.7.1.v20120104-1859,"",1466095452981
activated,view,org.eclipse.jdt.ui,3.7.2.v20120109-1427,"org.eclipse.jdt.ui.PackageExplorer",1466095453336
deactivated,workbench,org.eclipse.ui.workbench,3.7.1.v20120104-1859,"",1466095480682
activated,workbench,org.eclipse.ui.workbench,3.7.1.v20120104-1859,"",1466095482516
activated,editor,org.eclipse.jdt.ui,3.7.2.v20120109-1427,"org.eclipse.jdt.ui.CompilationUnitEditor",1466095482774
activated,editor,org.eclipse.jdt.ui,3.7.2.v20120109-1427,"org.eclipse.jdt.ui.CompilationUnitEditor",1466095547058
activated,editor,org.eclipse.jdt.ui,3.7.2.v20120109-1427,"org.eclipse.jdt.ui.CompilationUnitEditor",1466095549833
executed,command,org.eclipse.ui,3.7.0.v20110928-1505,"org.eclipse.ui.edit.copy",1466095555200
activated,view,org.eclipse.jdt.ui,3.7.2.v20120109-1427,"org.eclipse.jdt.ui.PackageExplorer",1466095557175
deactivated,workbench,org.eclipse.ui.workbench,3.7.1.v20120104-1859,"",1466095560809
activated,workbench,org.eclipse.ui.workbench,3.7.1.v20120104-1859,"",1466095570637
opened,editor,org.eclipse.jdt.ui,3.7.2.v20120109-1427,"org.eclipse.jdt.ui.CompilationUnitEditor",1466095571479
activated,editor,org.eclipse.jdt.ui,3.7.2.v20120109-1427,"org.eclipse.jdt.ui.CompilationUnitEditor",1466095571645
activated,view,org.eclipse.jdt.ui,3.7.2.v20120109-1427,"org.eclipse.jdt.ui.PackageExplorer",1466095573089
activated,editor,org.eclipse.jdt.ui,3.7.2.v20120109-1427,"org.eclipse.jdt.ui.CompilationUnitEditor",1466095573219
executed,command,org.eclipse.ui,3.7.0.v20110928-1505,"org.eclipse.ui.edit.paste",1466095575815
executed,command,org.eclipse.ui,3.7.0.v20110928-1505,"org.eclipse.ui.file.saveAll",1466095580890
deactivated,workbench,org.eclipse.ui.workbench,3.7.1.v20120104-1859,"",1466095595397
activated,workbench,org.eclipse.ui.workbench,3.7.1.v20120104-1859,"",1466095595421
deactivated,workbench,org.eclipse.ui.workbench,3.7.1.v20120104-1859,"",1466095596270
activated,workbench,org.eclipse.ui.workbench,3.7.1.v20120104-1859,"",1466095597079
deactivated,workbench,org.eclipse.ui.workbench,3.7.1.v20120104-1859,"",1466095601130
activated,workbench,org.eclipse.ui.workbench,3.7.1.v20120104-1859,"",1466095628295
executed,command,org.eclipse.ui,3.7.0.v20110928-1505,"org.eclipse.ui.edit.text.contentAssist.proposals",1466095634460
executed,command,org.eclipse.ui,3.7.0.v20110928-1505,"org.eclipse.ui.edit.text.contentAssist.proposals",1466095642090
deactivated,workbench,org.eclipse.ui.workbench,3.7.1.v20120104-1859,"",1466095650153
activated,workbench,org.eclipse.ui.workbench,3.7.1.v20120104-1859,"",1466095650340
deactivated,workbench,org.eclipse.ui.workbench,3.7.1.v20120104-1859,"",1466095655892
activated,workbench,org.eclipse.ui.workbench,3.7.1.v20120104-1859,"",1466095667951
executed,command,org.eclipse.ui,3.7.0.v20110928-1505,"org.eclipse.ui.edit.text.contentAssist.proposals",1466095674927
executed,command,org.eclipse.ui,3.7.0.v20110928-1505,"org.eclipse.ui.edit.text.contentAssist.proposals",1466095707019
executed,command,org.eclipse.ui,3.7.0.v20110928-1505,"org.eclipse.ui.edit.copy",1466095718627
executed,command,org.eclipse.ui,3.7.0.v20110928-1505,"org.eclipse.ui.edit.paste",1466095720525
executed,command,org.eclipse.ui,3.7.0.v20110928-1505,"org.eclipse.ui.edit.text.contentAssist.proposals",1466095725113
executed,command,org.eclipse.ui,3.7.0.v20110928-1505,"org.eclipse.ui.edit.text.contentAssist.proposals",1466095729840
executed,command,org.eclipse.ui,3.7.0.v20110928-1505,"org.eclipse.ui.file.saveAll",1466095733700
deactivated,workbench,org.eclipse.ui.workbench,3.7.1.v20120104-1859,"",1466095737576
activated,workbench,org.eclipse.ui.workbench,3.7.1.v20120104-1859,"",1466095737791
deactivated,workbench,org.eclipse.ui.workbench,3.7.1.v20120104-1859,"",1466095738785
activated,workbench,org.eclipse.ui.workbench,3.7.1.v20120104-1859,"",1466095740065
deactivated,workbench,org.eclipse.ui.workbench,3.7.1.v20120104-1859,"",1466095752573
activated,workbench,org.eclipse.ui.workbench,3.7.1.v20120104-1859,"",1466095752588
deactivated,workbench,org.eclipse.ui.workbench,3.7.1.v20120104-1859,"",1466095753418
activated,workbench,org.eclipse.ui.workbench,3.7.1.v20120104-1859,"",1466095754170
deactivated,workbench,org.eclipse.ui.workbench,3.7.1.v20120104-1859,"",1466095758134
activated,workbench,org.eclipse.ui.workbench,3.7.1.v20120104-1859,"",1466095788702
activated,editor,org.eclipse.jdt.ui,3.7.2.v20120109-1427,"org.eclipse.jdt.ui.CompilationUnitEditor",1466095806286
executed,command,org.eclipse.ui,3.7.0.v20110928-1505,"org.eclipse.ui.edit.copy",1466095810636
activated,view,org.eclipse.jdt.ui,3.7.2.v20120109-1427,"org.eclipse.jdt.ui.PackageExplorer",1466095812197
deactivated,workbench,org.eclipse.ui.workbench,3.7.1.v20120104-1859,"",1466095815037
activated,workbench,org.eclipse.ui.workbench,3.7.1.v20120104-1859,"",1466095823649
opened,editor,org.eclipse.jdt.ui,3.7.2.v20120109-1427,"org.eclipse.jdt.ui.CompilationUnitEditor",1466095824488
activated,editor,org.eclipse.jdt.ui,3.7.2.v20120109-1427,"org.eclipse.jdt.ui.CompilationUnitEditor",1466095824653
executed,command,org.eclipse.ui,3.7.0.v20110928-1505,"org.eclipse.ui.edit.paste",1466095827992
executed,command,org.eclipse.ui.workbench.texteditor,3.7.0.v20110928-1504,"org.eclipse.ui.edit.text.goto.lineStart",1466095828581
executed,command,org.eclipse.ui,3.7.0.v20110928-1505,"org.eclipse.ui.file.saveAll",1466095836051
deactivated,workbench,org.eclipse.ui.workbench,3.7.1.v20120104-1859,"",1466095848896
activated,workbench,org.eclipse.ui.workbench,3.7.1.v20120104-1859,"",1466095848933
deactivated,workbench,org.eclipse.ui.workbench,3.7.1.v20120104-1859,"",1466095849829
activated,workbench,org.eclipse.ui.workbench,3.7.1.v20120104-1859,"",1466095850601
deactivated,workbench,org.eclipse.ui.workbench,3.7.1.v20120104-1859,"",1466095854735
activated,workbench,org.eclipse.ui.workbench,3.7.1.v20120104-1859,"",1466095895319
activated,editor,org.eclipse.jdt.ui,3.7.2.v20120109-1427,"org.eclipse.jdt.ui.CompilationUnitEditor",1466095897027
executed,command,org.eclipse.ui,3.7.0.v20110928-1505,"org.eclipse.ui.edit.copy",1466095900432
activated,editor,org.eclipse.jdt.ui,3.7.2.v20120109-1427,"org.eclipse.jdt.ui.CompilationUnitEditor",1466095901776
started,bundle,org.eclipse.mylyn.java.tasks,3.6.0.v20110608-1400,"org.eclipse.mylyn.java.tasks",1466095902761
executed,command,org.eclipse.ui,3.7.0.v20110928-1505,"org.eclipse.ui.edit.paste",1466095903118
deactivated,workbench,org.eclipse.ui.workbench,3.7.1.v20120104-1859,"",1466095909803
activated,workbench,org.eclipse.ui.workbench,3.7.1.v20120104-1859,"",1466095910015
deactivated,workbench,org.eclipse.ui.workbench,3.7.1.v20120104-1859,"",1466095911517
activated,workbench,org.eclipse.ui.workbench,3.7.1.v20120104-1859,"",1466095925466
executed,command,org.eclipse.ui,3.7.0.v20110928-1505,"org.eclipse.ui.edit.copy",1466095938037
executed,command,org.eclipse.ui,3.7.0.v20110928-1505,"org.eclipse.ui.edit.paste",1466095939924
executed,command,org.eclipse.ui,3.7.0.v20110928-1505,"org.eclipse.ui.edit.paste",1466095940464
executed,command,org.eclipse.ui,3.7.0.v20110928-1505,"org.eclipse.ui.edit.paste",1466095940900
executed,command,org.eclipse.ui,3.7.0.v20110928-1505,"org.eclipse.ui.edit.paste",1466095941233
executed,command,org.eclipse.ui,3.7.0.v20110928-1505,"org.eclipse.ui.edit.paste",1466095941535
executed,command,org.eclipse.ui,3.7.0.v20110928-1505,"org.eclipse.ui.edit.paste",1466095941817
executed,command,org.eclipse.ui,3.7.0.v20110928-1505,"org.eclipse.ui.edit.paste",1466095942099
executed,command,org.eclipse.ui,3.7.0.v20110928-1505,"org.eclipse.ui.edit.paste",1466095942356
executed,command,org.eclipse.ui,3.7.0.v20110928-1505,"org.eclipse.ui.edit.paste",1466095942612
executed,command,org.eclipse.ui,3.7.0.v20110928-1505,"org.eclipse.ui.edit.paste",1466095942947
executed,command,org.eclipse.ui,3.7.0.v20110928-1505,"org.eclipse.ui.edit.paste",1466095943325
executed,command,org.eclipse.ui,3.7.0.v20110928-1505,"org.eclipse.ui.edit.paste",1466095943446
executed,command,org.eclipse.ui,3.7.0.v20110928-1505,"org.eclipse.ui.edit.text.contentAssist.proposals",1466095966839
executed,command,org.eclipse.ui,3.7.0.v20110928-1505,"org.eclipse.ui.edit.text.contentAssist.proposals",1466095970264
executed,command,org.eclipse.ui.workbench.texteditor,3.7.0.v20110928-1504,"org.eclipse.ui.edit.text.toggleOverwrite",1466095975294
executed,command,org.eclipse.ui.workbench.texteditor,3.7.0.v20110928-1504,"org.eclipse.ui.edit.text.toggleOverwrite",1466095978110
executed,command,org.eclipse.ui,3.7.0.v20110928-1505,"org.eclipse.ui.edit.text.contentAssist.proposals",1466095991030
executed,command,org.eclipse.ui,3.7.0.v20110928-1505,"org.eclipse.ui.edit.text.contentAssist.proposals",1466095994317
executed,command,org.eclipse.ui,3.7.0.v20110928-1505,"org.eclipse.ui.edit.delete",1466096000199
executed,command,org.eclipse.ui,3.7.0.v20110928-1505,"org.eclipse.ui.file.saveAll",1466096002531
deactivated,workbench,org.eclipse.ui.workbench,3.7.1.v20120104-1859,"",1466096033371
activated,workbench,org.eclipse.ui.workbench,3.7.1.v20120104-1859,"",1466096034826
deactivated,workbench,org.eclipse.ui.workbench,3.7.1.v20120104-1859,"",1466096048905
activated,workbench,org.eclipse.ui.workbench,3.7.1.v20120104-1859,"",1466096048923
deactivated,workbench,org.eclipse.ui.workbench,3.7.1.v20120104-1859,"",1466096049796
activated,workbench,org.eclipse.ui.workbench,3.7.1.v20120104-1859,"",1466096050780
activated,view,org.eclipse.ui.console,3.5.100.v20111007_r372,"org.eclipse.ui.console.ConsoleView",1466096052005
deactivated,workbench,org.eclipse.ui.workbench,3.7.1.v20120104-1859,"",1466096055014
activated,workbench,org.eclipse.ui.workbench,3.7.1.v20120104-1859,"",1466096258838
activated,editor,org.eclipse.jdt.ui,3.7.2.v20120109-1427,"org.eclipse.jdt.ui.CompilationUnitEditor",1466096258974
deactivated,workbench,org.eclipse.ui.workbench,3.7.1.v20120104-1859,"",1466096269544
activated,workbench,org.eclipse.ui.workbench,3.7.1.v20120104-1859,"",1466096274048
deactivated,workbench,org.eclipse.ui.workbench,3.7.1.v20120104-1859,"",1466096288291
activated,workbench,org.eclipse.ui.workbench,3.7.1.v20120104-1859,"",1466096288306
deactivated,workbench,org.eclipse.ui.workbench,3.7.1.v20120104-1859,"",1466096289151
activated,workbench,org.eclipse.ui.workbench,3.7.1.v20120104-1859,"",1466096289958
deactivated,workbench,org.eclipse.ui.workbench,3.7.1.v20120104-1859,"",1466096294595
activated,workbench,org.eclipse.ui.workbench,3.7.1.v20120104-1859,"",1466096332757
deactivated,workbench,org.eclipse.ui.workbench,3.7.1.v20120104-1859,"",1466096345222
activated,workbench,org.eclipse.ui.workbench,3.7.1.v20120104-1859,"",1466096346783
executed,command,org.eclipse.ui,3.7.0.v20110928-1505,"org.eclipse.ui.file.saveAll",1466096349040
deactivated,workbench,org.eclipse.ui.workbench,3.7.1.v20120104-1859,"",1466096361938
activated,workbench,org.eclipse.ui.workbench,3.7.1.v20120104-1859,"",1466096361958
deactivated,workbench,org.eclipse.ui.workbench,3.7.1.v20120104-1859,"",1466096362863
activated,workbench,org.eclipse.ui.workbench,3.7.1.v20120104-1859,"",1466096363668
deactivated,workbench,org.eclipse.ui.workbench,3.7.1.v20120104-1859,"",1466096368811
activated,workbench,org.eclipse.ui.workbench,3.7.1.v20120104-1859,"",1466096405487
deactivated,workbench,org.eclipse.ui.workbench,3.7.1.v20120104-1859,"",1466096409321
activated,workbench,org.eclipse.ui.workbench,3.7.1.v20120104-1859,"",1466096479499
deactivated,workbench,org.eclipse.ui.workbench,3.7.1.v20120104-1859,"",1466096481253
activated,workbench,org.eclipse.ui.workbench,3.7.1.v20120104-1859,"",1466096482197
deactivated,workbench,org.eclipse.ui.workbench,3.7.1.v20120104-1859,"",1466096485388
activated,workbench,org.eclipse.ui.workbench,3.7.1.v20120104-1859,"",1466096527586
deactivated,workbench,org.eclipse.ui.workbench,3.7.1.v20120104-1859,"",1466096527754
activated,workbench,org.eclipse.ui.workbench,3.7.1.v20120104-1859,"",1466096529584
closed,workbench,org.eclipse.ui.workbench,3.7.1.v20120104-1859,"",1466096530410
error,log,,,"Problems cleaning up history store.",1466096530969
stopped,bundle,org.eclipse.jst.ws.axis.creation.ui,1.0.700.v201104070312,"org.eclipse.jst.ws.axis.creation.ui",1466096531527
stopped,bundle,org.eclipse.jst.ws.axis.consumption.ui,1.0.505.v201004211805,"org.eclipse.jst.ws.axis.consumption.ui",1466096531530
stopped,bundle,org.eclipse.jst.ws.axis.consumption.core,1.0.407.v201104071820,"org.eclipse.jst.ws.axis.consumption.core",1466096531533
stopped,bundle,org.eclipse.jst.ws.axis2.creation.ui,1.0.104.v201004211805,"org.eclipse.jst.ws.axis2.creation.ui",1466096531535
stopped,bundle,org.eclipse.jst.ws.axis2.consumption.ui,1.0.103.v201004211805,"org.eclipse.jst.ws.axis2.consumption.ui",1466096531538
stopped,bundle,org.eclipse.jst.ws.axis2.creation.core,1.0.106.v201004211805,"org.eclipse.jst.ws.axis2.creation.core",1466096531540
stopped,bundle,org.eclipse.jst.ws.axis2.consumption.core,1.0.105.v201004211805,"org.eclipse.jst.ws.axis2.consumption.core",1466096531543
stopped,bundle,org.eclipse.jst.ws.axis2.ui,1.0.303.v201003110431,"org.eclipse.jst.ws.axis2.ui",1466096531545
stopped,bundle,org.eclipse.jst.ws.axis2.core,1.0.204.v201004211805,"org.eclipse.jst.ws.axis2.core",1466096531548
stopped,bundle,org.eclipse.jst.ws.cxf.creation.ui,1.0.100.v201104022153,"org.eclipse.jst.ws.cxf.creation.ui",1466096531551
stopped,bundle,org.eclipse.jst.ws.creation.ui,1.0.609.v201103082016,"org.eclipse.jst.ws.creation.ui",1466096531554
stopped,bundle,org.eclipse.jst.ws.cxf.consumption.ui,1.0.0.v201003222311,"org.eclipse.jst.ws.cxf.consumption.ui",1466096531557
stopped,bundle,org.eclipse.jst.ws.consumption.ui,1.1.402.v201201250306,"org.eclipse.jst.ws.consumption.ui",1466096531561
stopped,bundle,org.eclipse.jst.ws.consumption,1.0.603.v201202012024,"org.eclipse.jst.ws.consumption",1466096531564
stopped,bundle,org.eclipse.jst.ws.cxf.consumption.core,1.0.0.v201003222311,"org.eclipse.jst.ws.cxf.consumption.core",1466096531566
stopped,bundle,org.eclipse.jst.ws.cxf.creation.core,1.0.100.v201104022153,"org.eclipse.jst.ws.cxf.creation.core",1466096531569
stopped,bundle,org.eclipse.jst.ws.cxf.ui,1.0.0.v201004171919,"org.eclipse.jst.ws.cxf.ui",1466096531572
stopped,bundle,org.eclipse.jst.ws.cxf.core,1.0.100.v201104022153,"org.eclipse.jst.ws.cxf.core",1466096531575
stopped,bundle,org.eclipse.jst.ws.uddiregistry,1.0.500.v201004211805,"org.eclipse.jst.ws.uddiregistry",1466096531578
stopped,bundle,org.eclipse.jst.ws.ui,1.0.403.v201004211805,"org.eclipse.jst.ws.ui",1466096531581
stopped,bundle,org.eclipse.jst.ws,1.0.509.v201108250610,"org.eclipse.jst.ws",1466096531583
stopped,bundle,org.eclipse.wst.ws.explorer,1.0.607.v201103082002,"org.eclipse.wst.ws.explorer",1466096531587
stopped,bundle,org.eclipse.wst.wsdl.ui,1.2.403.v201108240515,"org.eclipse.wst.wsdl.ui",1466096531591
stopped,bundle,org.eclipse.wst.ws.ui,1.1.200.v201004211805,"org.eclipse.wst.ws.ui",1466096531593
stopped,bundle,org.eclipse.wst.wsi.ui,1.0.502.v201104071820,"org.eclipse.wst.wsi.ui",1466096531596
stopped,bundle,org.eclipse.wst.wsi,1.0.401.v201104071820,"org.eclipse.wst.wsi",1466096531598
stopped,bundle,org.eclipse.wst.ws,1.1.203.v201004211805,"org.eclipse.wst.ws",1466096531600
stopped,bundle,org.eclipse.jst.j2ee.webservice.ui,1.1.500.v201105122000,"org.eclipse.jst.j2ee.webservice.ui",1466096531602
stopped,bundle,org.eclipse.jst.j2ee.webservice,1.1.400.v201004110600,"org.eclipse.jst.j2ee.webservice",1466096531605
stopped,bundle,org.eclipse.wst.ws.parser,1.0.403.v201004211805,"org.eclipse.wst.ws.parser",1466096531607
stopped,bundle,org.eclipse.jpt.dbws.eclipselink.ui,1.0.0.v201104110000,"org.eclipse.jpt.dbws.eclipselink.ui",1466096531609
stopped,bundle,org.eclipse.jst.ws.jaxws.ui,1.0.100.v201104032053,"org.eclipse.jst.ws.jaxws.ui",1466096531610
stopped,bundle,org.eclipse.jst.ws.jaxws.core,1.0.100.v201104031139,"org.eclipse.jst.ws.jaxws.core",1466096531612
stopped,bundle,org.eclipse.mylyn.bugzilla.ui,3.6.0.v20110608-1400,"org.eclipse.mylyn.bugzilla.ui",1466096531613
stopped,bundle,org.eclipse.mylyn.bugzilla.core,3.6.5.v20120123-0100,"org.eclipse.mylyn.bugzilla.core",1466096531613
stopped,bundle,org.eclipse.mylyn.commons.xmlrpc,3.6.0.v20110608-1400,"org.eclipse.mylyn.commons.xmlrpc",1466096531616
stopped,bundle,org.eclipse.datatools.enablement.oda.ws.ui,1.2.3.v201112061438,"org.eclipse.datatools.enablement.oda.ws.ui",1466096531618
stopped,bundle,org.eclipse.datatools.enablement.oda.ws,1.2.3.v201112061438,"org.eclipse.datatools.enablement.oda.ws",1466096531620
stopped,bundle,org.eclipse.wst.wsdl,1.2.202.v201108230355,"org.eclipse.wst.wsdl",1466096531623
stopped,bundle,org.eclipse.wst.wsdl.validation,1.1.502.v201104071820,"org.eclipse.wst.wsdl.validation",1466096531625
stopped,bundle,org.eclipse.wst.xsl.exslt.ui,1.0.0.v201006012005,"org.eclipse.wst.xsl.exslt.ui",1466096531628
stopped,bundle,org.eclipse.wst.xsl.jaxp.debug.ui,1.0.200.v201103081922,"org.eclipse.wst.xsl.jaxp.debug.ui",1466096531630
stopped,bundle,org.eclipse.wst.xsl.ui,1.1.200.v201103082057,"org.eclipse.wst.xsl.ui",1466096531633
stopped,bundle,org.eclipse.wst.xml.xpath.ui,1.1.100.v201105030025,"org.eclipse.wst.xml.xpath.ui",1466096531637
stopped,bundle,org.eclipse.wst.xsl.debug.ui,1.0.200.v201101281837,"org.eclipse.wst.xsl.debug.ui",1466096531640
stopped,bundle,org.eclipse.wst.xsl.jaxp.launching,1.0.200.v201103081922,"org.eclipse.wst.xsl.jaxp.launching",1466096531643
stopped,bundle,org.eclipse.wst.xsl.launching,1.0.200.v201103081922,"org.eclipse.wst.xsl.launching",1466096531645
stopped,bundle,org.eclipse.wst.xsl.core,1.1.100.v201102270516,"org.eclipse.wst.xsl.core",1466096531647
stopped,bundle,org.eclipse.wst.xml.xpath.core,1.2.1.v201109010357,"org.eclipse.wst.xml.xpath.core",1466096531651
stopped,bundle,org.eclipse.datatools.enablement.oda.xml.ui,1.2.3.v201112071047,"org.eclipse.datatools.enablement.oda.xml.ui",1466096531654
stopped,bundle,org.eclipse.datatools.enablement.oda.xml,1.2.3.v201112061438,"org.eclipse.datatools.enablement.oda.xml",1466096531709
stopped,bundle,org.eclipse.jst.jsf.apache.trinidad.tagsupport,1.1.200.v201104061711,"org.eclipse.jst.jsf.apache.trinidad.tagsupport",1466096531711
stopped,bundle,org.eclipse.jst.jsf.facelet.ui,1.0.1.v201104032306,"org.eclipse.jst.jsf.facelet.ui",1466096531713
stopped,bundle,org.eclipse.jst.jsf.facelet.core,1.0.100.v201104191527,"org.eclipse.jst.jsf.facelet.core",1466096531716
stopped,bundle,org.eclipse.jst.jsf.facesconfig.ui,1.2.2.v201103292152,"org.eclipse.jst.jsf.facesconfig.ui",1466096531720
stopped,bundle,org.eclipse.jst.jsf.ui,1.3.2.v201104251204,"org.eclipse.jst.jsf.ui",1466096531722
stopped,bundle,org.eclipse.jst.pagedesigner.jsf.ui,1.2.100.v201104061711,"org.eclipse.jst.pagedesigner.jsf.ui",1466096531725
stopped,bundle,org.eclipse.jst.pagedesigner,1.3.104.v201201181342,"org.eclipse.jst.pagedesigner",1466096531729
stopped,bundle,org.eclipse.jst.jsf.core,1.3.105.v201108261005,"org.eclipse.jst.jsf.core",1466096531733
stopped,bundle,org.eclipse.jst.jsf.common.ui,1.2.100.v201104061711,"org.eclipse.jst.jsf.common.ui",1466096531736
stopped,bundle,org.eclipse.jst.jsf.standard.tagsupport,1.2.100.v201104061711,"org.eclipse.jst.jsf.standard.tagsupport",1466096531739
stopped,bundle,org.eclipse.jst.pagedesigner.jsp.core,1.2.0.v20100308,"org.eclipse.jst.pagedesigner.jsp.core",1466096531742
stopped,bundle,org.eclipse.jst.jsf.common,1.2.3.v201104061039,"org.eclipse.jst.jsf.common",1466096531745
stopped,bundle,org.eclipse.wst.jsdt.web.support.jsp,1.0.400.v201102241833,"org.eclipse.wst.jsdt.web.support.jsp",1466096531747
stopped,bundle,org.eclipse.jst.jsp.ui,1.1.602.v201112071516,"org.eclipse.jst.jsp.ui",1466096531750
activated,perspective,org.eclipse.jdt.ui,,"org.eclipse.jdt.ui.JavaPerspective",1466179644960
started,bundle,org.eclipse.osgi,3.7.2.v20120110-1415,"org.eclipse.osgi",1466179644966
started,bundle,org.eclipse.equinox.simpleconfigurator,1.0.200.v20110815-1438,"org.eclipse.equinox.simpleconfigurator",1466179644968
started,bundle,com.ibm.icu,4.4.2.v20110823,"com.ibm.icu",1466179644970
started,bundle,org.eclipse.compare.core,3.5.200.I20110208-0800,"org.eclipse.compare.core",1466179644974
started,bundle,org.eclipse.core.contenttype,3.4.100.v20110423-0524,"org.eclipse.core.contenttype",1466179644976
started,bundle,org.eclipse.core.databinding.observable,1.4.0.I20110222-0800,"org.eclipse.core.databinding.observable",1466179644980
started,bundle,org.eclipse.core.expressions,3.4.300.v20110228,"org.eclipse.core.expressions",1466179644982
started,bundle,org.eclipse.core.filebuffers,3.5.200.v20110928-1504,"org.eclipse.core.filebuffers",1466179644984
started,bundle,org.eclipse.core.filesystem,1.3.100.v20110423-0524,"org.eclipse.core.filesystem",1466179644989
started,bundle,org.eclipse.core.jobs,3.5.101.v20120113-1953,"org.eclipse.core.jobs",1466179644991
started,bundle,org.eclipse.core.net,1.2.100.I20110511-0800,"org.eclipse.core.net",1466179644996
started,bundle,org.eclipse.core.resources,3.7.101.v20120125-1505,"org.eclipse.core.resources",1466179645000
started,bundle,org.eclipse.core.runtime,3.7.0.v20110110,"org.eclipse.core.runtime",1466179645003
started,bundle,org.eclipse.core.runtime.compatibility,3.2.100.v20100505,"org.eclipse.core.runtime.compatibility",1466179645009
started,bundle,org.eclipse.core.runtime.compatibility.auth,3.2.200.v20110110,"org.eclipse.core.runtime.compatibility.auth",1466179645013
started,bundle,org.eclipse.core.variables,3.2.500.v20110928-1503,"org.eclipse.core.variables",1466179645018
started,bundle,org.eclipse.debug.core,3.7.1.v20111129-2031,"org.eclipse.debug.core",1466179645021
started,bundle,org.eclipse.epp.mpc.ui,1.1.1.I20110907-0947,"org.eclipse.epp.mpc.ui",1466179645024
started,bundle,org.eclipse.epp.usagedata.gathering,1.3.1.R201106061540,"org.eclipse.epp.usagedata.gathering",1466179645026
started,bundle,org.eclipse.epp.usagedata.recording,1.3.1.R201106061540,"org.eclipse.epp.usagedata.recording",1466179645034
started,bundle,org.eclipse.equinox.app,1.3.100.v20110321,"org.eclipse.equinox.app",1466179645036
started,bundle,org.eclipse.equinox.common,3.6.0.v20110523,"org.eclipse.equinox.common",1466179645038
started,bundle,org.eclipse.equinox.ds,1.3.1.R37x_v20110701,"org.eclipse.equinox.ds",1466179645042
started,bundle,org.eclipse.equinox.event,1.2.100.v20110502,"org.eclipse.equinox.event",1466179645045
started,bundle,org.eclipse.equinox.p2.core,2.1.1.v20120113-1346,"org.eclipse.equinox.p2.core",1466179645059
started,bundle,org.eclipse.equinox.p2.directorywatcher,1.0.300.v20110815-1419,"org.eclipse.equinox.p2.directorywatcher",1466179645063
started,bundle,org.eclipse.equinox.p2.engine,2.1.1.R37x_v20111003,"org.eclipse.equinox.p2.engine",1466179645077
started,bundle,org.eclipse.equinox.p2.metadata,2.1.0.v20110815-1419,"org.eclipse.equinox.p2.metadata",1466179645089
started,bundle,org.eclipse.equinox.p2.metadata.repository,1.2.0.v20110815-1419,"org.eclipse.equinox.p2.metadata.repository",1466179645092
started,bundle,org.eclipse.equinox.p2.operations,2.1.1.R37x_v20111111,"org.eclipse.equinox.p2.operations",1466179645095
started,bundle,org.eclipse.equinox.p2.reconciler.dropins,1.1.100.v20110815-1419,"org.eclipse.equinox.p2.reconciler.dropins",1466179645099
started,bundle,org.eclipse.equinox.p2.repository,2.1.1.v20120113-1346,"org.eclipse.equinox.p2.repository",1466179645102
started,bundle,org.eclipse.equinox.p2.ui.sdk.scheduler,1.0.100.v20110815-1419,"org.eclipse.equinox.p2.ui.sdk.scheduler",1466179645103
started,bundle,org.eclipse.equinox.p2.updatechecker,1.1.200.v20110815-1419,"org.eclipse.equinox.p2.updatechecker",1466179645105
started,bundle,org.eclipse.equinox.preferences,3.4.2.v20120111-2020,"org.eclipse.equinox.preferences",1466179645106
started,bundle,org.eclipse.equinox.registry,3.5.101.R37x_v20110810-1611,"org.eclipse.equinox.registry",1466179645110
started,bundle,org.eclipse.equinox.security,1.1.1.R37x_v20110822-1018,"org.eclipse.equinox.security",1466179645113
started,bundle,org.eclipse.equinox.util,1.0.300.v20110502,"org.eclipse.equinox.util",1466179645114
started,bundle,org.eclipse.help,3.5.100.v20110426,"org.eclipse.help",1466179645116
started,bundle,org.eclipse.jdt.apt.core,3.3.500.v20110420-1015,"org.eclipse.jdt.apt.core",1466179645117
started,bundle,org.eclipse.jdt.apt.pluggable.core,1.0.400.v20110305-1450,"org.eclipse.jdt.apt.pluggable.core",1466179645119
started,bundle,org.eclipse.jdt.core,3.7.3.v20120119-1537,"org.eclipse.jdt.core",1466179645120
started,bundle,org.eclipse.jdt.core.manipulation,1.4.0.v20110928-1453,"org.eclipse.jdt.core.manipulation",1466179645122
started,bundle,org.eclipse.jdt.launching,3.6.1.v20111006_r372,"org.eclipse.jdt.launching",1466179645124
started,bundle,org.eclipse.jdt.ui,3.7.2.v20120109-1427,"org.eclipse.jdt.ui",1466179645124
started,bundle,org.eclipse.jface,3.7.0.v20110928-1505,"org.eclipse.jface",1466179645125
started,bundle,org.eclipse.jsch.core,1.1.300.I20110514-0800,"org.eclipse.jsch.core",1466179645126
started,bundle,org.eclipse.jst.ws.jaxws.utils,1.0.100.v201201031437,"org.eclipse.jst.ws.jaxws.utils",1466179645127
started,bundle,org.eclipse.ltk.core.refactoring,3.5.201.r372_v20111101-0700,"org.eclipse.ltk.core.refactoring",1466179645129
